DP00007	1	43
DP00011	64	77
DP00011	216	261
DP00012	654	838
DP00016	1	164
DP00023	286	328
DP00030	1	518
DP00040	1	107
DP00054	1	33
DP00054	304	342
DP00054	373	390
DP00062	1	130
DP00062	169	189
DP00069	40	67
DP00070	1	140
DP00075	1	214
DP00075	628	719
DP00078	216	380
DP00079	1	103
DP00090	1	62
DP00092	1	13
DP00092	373	468
DP00092	487	521
DP00099	38	63
DP00119	17	310
DP00130	2	20
DP00130	48	72
DP00134	281	422
DP00134	444	632
DP00138	37	50
DP00138	68	144
DP00141	766	823
DP00152	202	336
DP00156	79	160
DP00156	201	231
DP00156	283	316
DP00168	1	48
DP00171	236	255
DP00184	165	215
DP00214	1	314
DP00219	1	126
DP00223	1	78
DP00229	326	408
DP00231	1	200
DP00231	355	379
DP00238	100	1649
DP00241	409	726
DP00243	1	101
DP00243	166	179
DP00243	210	219
DP00260	1	167
DP00260	353	439
DP00262	403	698
DP00262	776	826
DP00282	1125	1176
DP00298	25	80
DP00304	190	201
DP00304	297	312
DP00304	441	481
DP00308	1	10
DP00310	333	342
DP00310	358	370
DP00310	423	437
DP00314	144	189
DP00314	303	326
DP00319	549	564
DP00320	355	370
DP00321	55	65
DP00321	158	171
DP00321	338	348
DP00321	371	387
DP00321	633	644
DP00324	92	102
DP00324	182	196
DP00324	342	357
DP00327	31	42
DP00327	223	233
DP00327	303	318
DP00332	1	317
DP00333	18	417
DP00334	1	24
DP00334	210	304
DP00356	220	269
DP00358	123	160
DP00363	454	470
DP00378	153	215
DP00378	342	495
DP00385	1	34
DP00385	285	299
DP00385	387	420
DP00420	1	600
DP00420	776	854
DP00428	489	506
DP00437	1	23
DP00445	166	175
DP00448	1104	1164
DP00457	121	145
DP00468	1	66
DP00468	276	317
DP00472	1	324
DP00473	490	593
DP00486	198	239
DP00486	291	304
DP00486	549	640
DP00492	142	485
DP00506	1	32
DP00506	153	207
DP00508	1	23
DP00508	139	182
DP00510	1	82
DP00520	1	217
DP00521	1	202
DP00537	1	119
DP00539	1	75
DP00539	165	330
DP00539	335	486
DP00543	1	63
DP00549	1	35
DP00549	78	116
DP00553	731	848
DP00554	31	50
DP00562	11	25
DP00565	1	14
DP00565	158	169
DP00608	59	129
DP00611	436	455
DP00616	38	59
DP00630	1	127
DP00633	1	1045
DP00633	1520	1581
DP00633	1665	2414
DP00641	1	31
DP00670	175	184
DP00672	90	150
DP00694	1	228
DP00702	50	171
DP00704	1	16
DP00704	105	118
DP00706	60	171
DP00716	567	664
DP00718	9	211
DP00718	238	298
DP00718	443	477
DP00747	56	123
DP00748	192	223
DP00748	238	293
DP00765	94	134
DP00793	63	115
DP00794	116	345
DP00816	9	164
DP00841	30	100
DP00864	28	37
DP00864	71	81
DP00864	110	211
DP00865	1	10
DP00865	77	92
DP00893	130	238
DP00901	70	91
DP00903	1	27
DP00903	119	144
DP00917	92	103
DP00917	127	141
DP00930	1	227
DP00941	54	64
DP00941	105	114
DP00941	174	187
DP00941	500	509
DP00941	1084	1102
DP00951	1	238
DP00953	1	99
DP00953	327	354
DP00961	786	838
DP00962	710	750
DP01024	1822	1846
DP01065	1	236
DP01066	1	204
DP01068	238	356
DP01098	54	68
DP01099	1	10
DP01099	339	350
DP01100	1	441
DP01102	1	507
DP01103	665	791
DP01104	1758	1888
DP01108	263	414
DP01109	190	341
DP01112	91	104
DP01114	59	108
DP01115	1	605
DP01116	140	160
DP01117	20	42
DP01118	81	164
DP01118	477	499
DP01119	1	137
DP01119	687	781
DP01120	360	373
DP01123	258	302
DP01123	484	500
DP01124	240	258
DP01131	1	56
DP01132	242	266
DP01134	106	236
DP01156	1	22
DP01156	98	194
DP01158	1	38
DP01161	169	194
DP01164	331	918
DP01170	408	838
DP01172	2	101
DP01172	407	503
DP01173	20	138
DP01178	1	699
DP01192	246	256
DP01192	305	377
DP01203	513	631
DP01224	739	753
DP01228	1	101
DP01236	1	14
DP01236	305	316
DP01240	1	25
DP01240	558	597
DP01241	680	815
DP01244	128	145
DP01244	395	406
DP01244	840	850
DP01252	240	261
DP01253	63	114
DP01254	533	609
DP01268	314	335
DP01269	176	200
DP01269	217	226
DP01269	234	252
DP01271	252	268
DP01280	672	711
DP01282	90	110
DP01282	409	425
DP01288	362	823
DP01292	1	77
DP01292	262	378
DP01293	1	120
DP01303	1	60
DP01319	1	264
DP01319	457	467
DP01325	248	274
DP01326	187	217
DP01326	378	393
DP01327	21	54
DP01329	94	136
DP01333	118	128
DP01335	250	260
DP01337	136	145
DP01344	131	294
DP01396	163	175
DP01396	354	393
DP01400	1	86
DP01404	213	237
DP01425	1	111
DP01427	200	301
DP01434	171	198
DP01435	1	102
DP01438	304	345
DP01438	394	460
DP01443	1	26
DP01443	168	205
DP01443	353	413
DP01445	171	450
DP01445	767	824
DP01446	111	138
DP01447	1	22
DP01447	255	292
DP01449	1	25
DP01449	69	95
DP01450	1	374
DP01450	421	447
DP01451	96	118
DP01452	94	126
DP01452	528	620
DP01457	319	371
DP01458	1	20
DP01458	100	125
DP01461	314	427
DP01463	1	900
DP01465	399	420
DP01465	450	511
DP01474	119	259
DP01476	774	1049
DP01480	312	389
DP01484	988	1255
DP01486	166	226
DP01487	181	229
DP01490	553	685
DP01491	346	379
DP01493	166	214
DP01507	504	524
DP01517	1	28
DP01517	64	86
DP01517	135	146
DP01524	1	41
DP01524	68	87
DP01524	109	124
DP01524	133	145
DP01531	276	376
DP01533	1	50
DP01533	61	72
DP01534	1117	1319
DP01542	1	566
DP01542	632	682
DP01544	1	330
DP01547	293	412
DP01549	1018	2266
DP01551	97	108
DP01554	422	525
DP01556	4	246
DP01560	55	91
DP01564	362	390
DP01570	1	84
DP01588	253	333
DP01597	204	283
DP01598	133	145
DP01601	143	184
DP01601	409	425
DP01601	431	454
DP01602	342	379
DP01608	1	10
DP01608	31	56
DP01613	1	15
DP01613	95	105
DP01613	328	367
DP01619	56	70
DP01620	181	200
DP01622	1	21
DP01622	86	114
DP01626	815	940
DP01633	378	393
DP01637	27	146
DP01644	143	160
DP01647	479	518
DP01648	1	10
DP01648	133	144
DP01651	165	181
DP01651	286	301
DP01651	490	501
DP01651	646	678
DP01662	1	12
DP01662	43	106
DP01668	1	52
DP01668	344	355
DP01675	466	479
DP01677	1	111
DP01705	136	156
DP01705	365	378
DP01705	390	419
DP01724	391	400
DP01724	416	425
DP01724	435	458
DP01724	538	559
DP01730	1	35
DP01730	96	105
DP01730	523	839
DP01736	1	10
DP01736	100	110
DP01741	32	70
DP01741	161	178
DP01741	199	211
DP01747	97	182
DP01748	752	798
DP01750	1	39
DP01764	169	194
DP01765	587	725
DP01767	655	725
DP01770	67	170
DP01772	448	489
DP01781	85	283
DP01782	107	273
DP01784	142	224
DP01788	82	96
DP01788	182	204
DP01790	1184	1198
DP01795	143	204
DP01799	875	1475
DP01804	1	60
DP01805	1	182
DP01805	278	297
DP01835	54	76
DP01836	49	59
DP01842	741	788
DP01844	111	143
DP01848	735	769
DP01861	438	531
DP01872	219	245
DP01876	1	109
DP01877	369	402
DP01883	40	65
DP01884	242	271
DP01898	333	349
DP01907	458	467
DP01914	275	290
DP01921	348	359
DP01935	123	157
DP01942	1	236
DP01951	2	26
DP01951	116	185
DP01967	102	112
DP01976	1	40
DP01985	333	416
DP02003	101	160
DP02007	1265	1521
DP02009	1	195
DP02013	76	85
DP02015	41	70
DP02027	49	85
DP02027	614	631
DP02072	471	489
DP02072	662	673
DP02075	22	168
DP02078	1	171
DP02094	101	115
DP02094	183	236
DP02096	1	13
DP02100	95	109
DP02123	1	730
DP02123	881	1111
DP02123	1161	1193
DP02126	208	225
DP02142	1244	1273
DP02160	148	181
DP02162	22	162
DP02163	1940	1978
DP02164	1	70
DP02164	252	269
DP02164	478	514
DP02167	1	132
DP02171	1	33
DP02171	184	437
DP02191	1	40
DP02224	184	360
DP02231	134	144
DP02251	416	447
DP02253	203	258
DP02254	213	228
DP02290	284	295
DP02294	1	18
DP02301	39	48
DP02302	69	81
DP02303	259	274
DP02316	451	620
DP02328	206	231
DP02333	44	90
DP02338	465	494
DP02349	738	760
DP02353	229	306
DP02360	74	83
DP02365	895	913
DP02368	299	313
DP02373	1	198
DP02373	224	279
DP02375	3470	3494
DP02383	2	79
DP02386	156	513
DP02390	883	903
DP02396	1881	1990
DP02398	161	216
DP02398	290	754
DP02398	992	1599
DP02404	136	153
DP02405	94	111
DP02408	1	272
DP02408	406	553
DP02414	187	206
DP02427	70	85
DP02428	108	120
DP02431	138	152
DP02445	618	633
DP02449	150	167
DP02449	235	248
DP02449	256	347
DP02452	152	209
DP02455	48	109
DP02457	256	280
DP02458	49	58
DP02458	330	436
DP02465	583	599
DP02467	367	382
DP02467	449	463
DP02468	547	560
DP02471	2	60
DP02471	220	398
DP02473	289	303
DP02475	1	200
DP02477	471	572
DP02477	882	1234
DP02510	360	613
DP02524	1565	1841
DP02529	1	14
DP02529	185	494
DP02529	517	526
DP02529	544	559
DP02530	492	788
DP02533	550	593
DP02540	49	83
DP02545	1	62
DP02546	153	178
DP02546	669	742
DP02554	424	498
DP02555	364	404
DP02558	27	447
DP02559	1	184
DP02561	83	141
DP02571	173	183
DP02571	298	310
DP02572	116	125
DP02572	149	160
DP02574	78	117
DP02578	319	330
DP02580	589	742
DP02585	69	98
DP02585	212	221
DP02585	253	263
DP02585	310	338
DP02585	561	575
DP02587	187	215
DP02591	1	80
DP02591	231	511
DP02592	209	452
DP02594	1	14
DP02598	1	25
DP02604	1063	1258
DP02605	295	331
DP02606	1	167
DP02606	350	381
DP02606	478	590
DP02608	90	124
DP02611	126	140
DP02612	1	13
DP02612	50	63
DP02616	1	21
DP02616	158	199
DP02622	151	169
DP02622	189	200
DP02622	220	233
DP02622	241	252
DP02622	269	278
DP02630	371	399
DP02632	1	13
DP02632	59	81
DP02634	260	285
DP02637	323	334
DP02637	348	357
DP02637	479	508
DP02639	45	56
DP02647	69	79
DP02649	683	728
DP02651	301	326
DP02654	379	392
DP02656	19	54
DP02656	224	240
DP02658	21	31
DP02658	496	580
DP02661	130	145
DP02673	1	18
DP02673	422	461
DP02674	69	92
DP02674	110	125
DP02676	107	121
DP02684	40	57
DP02691	70	80
DP02691	578	589
DP02691	1257	1270
DP02691	1621	1830
DP02692	1	191
DP02692	1017	1610
DP02694	1	20
DP02699	1	47
DP02699	138	164
DP02703	39	218
DP02703	592	602
DP02703	734	769
DP02703	1086	1108
DP02705	1	66
DP02705	193	212
DP02705	272	288
DP02706	188	200
DP02706	212	234
DP02710	159	168
DP02712	189	528
DP02714	103	128
DP02724	34	44
DP02729	446	472
DP02731	187	197
DP02731	268	285
DP02733	175	206
DP02742	868	897
DP02744	978	992
DP02745	28	46
DP02746	1	82
DP02746	271	289
DP02747	47	56
DP02753	117	134
DP02753	625	634
DP02753	645	660
DP02757	1	59
DP02757	206	215
DP02757	527	580
DP02758	198	215
DP02758	494	503
DP02759	1	156
DP02765	163	179
DP02765	305	315
DP02781	1003	1029
DP02782	177	188
DP02782	211	234
DP02783	232	255
DP02785	531	544
DP02785	648	677
DP02794	37	51
DP02794	221	238
DP02795	1	24
DP02795	59	76
DP02797	1	23
DP02797	318	330
DP02801	22	46
DP02803	128	139
DP02803	384	434
DP02816	364	380
DP02824	132	142
DP02825	116	129
DP02829	395	1029
DP02829	1048	1123
DP02831	1	46
DP02832	418	431
DP02832	492	545
DP02832	665	676
DP02849	1	41
DP02849	97	165
DP02850	266	452
DP02851	1	15
DP02851	740	753
DP02852	1	23
DP02852	179	188
DP02855	456	492
DP02856	73	107
DP02856	176	185
DP02862	99	144
DP02868	50	63
DP02869	13	80
DP02869	173	235
DP02869	481	519
DP02869	531	550
DP02872	756	769
DP02875	81	93
DP02885	79	89
DP02904	25	245
DP02915	2	127
DP02916	607	709
DP02918	118	165
DP02921	231	258
DP02922	1	10
DP02922	33	57
DP02930	1	18
DP02954	1	1483
DP02954	1741	1768
DP02957	82	114
DP02971	774	787
DP02976	347	356
DP02976	394	404
DP02976	500	517
DP02976	632	652
DP02977	1494	1507
DP02978	160	190
DP02978	377	420
DP02981	1478	1493
DP03005	231	286
DP03010	112	133
DP03010	297	334
DP03011	574	584
DP03012	734	761
DP03012	888	898
DP03016	622	638
DP03042	255	293
DP03044	496	519
DP03044	622	664
DP03044	1731	1797
DP03058	144	257
DP03058	583	947
DP03059	429	556
DP03059	645	726
DP03061	1004	1014
DP03061	1091	1110
DP03061	1195	1207
DP03062	86	97
DP03062	301	319
DP03063	1	17
DP03070	1297	1412
DP03074	1	30
DP03074	451	505
DP03081	74	85
DP03088	41	66
DP03098	107	127
DP03100	361	433
DP03101	87	116
DP03109	149	253
DP03115	483	495
DP03118	1	57
DP03120	311	348
DP03120	361	422
DP03121	59	89
DP03121	151	182
DP03122	146	196
DP03125	107	127
DP03125	279	290
DP03125	389	403
DP03135	188	230
DP03141	226	269
DP03142	1	22
DP03142	201	212
DP03143	2200	2220
DP03143	2344	2360
DP03144	565	583
DP03151	357	378
DP03152	57	66
DP03152	165	185
DP03152	201	211
DP03153	1	28
DP03158	484	494
DP03159	1	32
DP03161	71	84
DP03162	1	21
DP03162	152	162
DP03163	55	68
DP03166	385	401
DP03168	138	249
DP03168	520	531
DP03168	1026	1045
DP03169	841	857
DP03170	395	420
DP03173	1	104
DP03179	1	61
DP03179	197	264
DP03179	372	586
DP03182	243	307
DP03185	1	13
DP03186	21	31
DP03191	162	182
DP03192	36	53
DP03192	97	118
DP03199	21	30
DP03199	153	163
DP03203	197	211
DP03205	63	80
DP03206	47	57
DP03206	73	86
DP03206	446	456
DP03206	690	722
DP03209	111	122
DP03211	1	20
DP03216	1	32
DP03223	1	23
DP03225	23	60
DP03228	91	101
DP03229	23	35
DP03230	1	10
DP03230	179	199
DP03232	660	669
DP03233	219	228
DP03235	1	216
DP03236	466	481
DP03236	566	579
DP03237	498	553
DP03242	1	96
DP03242	172	611
DP03245	27	2752
DP03246	92	135
DP03246	430	471
DP03248	1023	1063
DP03250	1	37
DP03251	1	23
DP03254	558	578
DP03254	587	600
DP03255	209	220
DP03257	20	31
DP03257	46	57
DP03259	151	160
DP03260	72	86
DP03260	592	605
DP03262	25	47
DP03272	88	129
DP03272	267	291
DP03279	463	472
DP03281	131	146
DP03292	90	126
DP03296	286	309
DP03296	353	403
DP03299	90	110
DP03299	187	211
DP03299	298	316
DP03303	367	377
DP03307	2	455
DP03308	654	667
DP03309	642	659
DP03311	47	93
DP03312	288	327
DP03314	27	37
DP03324	350	361
DP03343	29	43
DP03343	185	198
DP03345	154	175
DP03351	187	196
DP03358	94	106
DP03358	301	313
DP03364	24	42
DP03364	636	683
DP03365	1	103
DP03366	354	367
DP03369	1	372
DP03372	46	102
DP03379	1507	1522
DP03379	1582	1623
DP03379	1709	1721
DP03380	279	289
DP03382	250	277
DP03383	1	85
DP03383	442	457
DP03383	843	853
DP03383	1053	1258
DP03385	1	92
DP03385	599	621
DP03386	1	59
DP03387	1	35
DP03389	19	38
DP03389	94	140
DP03394	2	28
DP03394	146	162
DP03400	109	150
DP03400	200	250
DP03403	1	180
DP03404	1	112
DP03405	1	96
DP03417	23	89
DP03418	205	319
DP03424	190	420
DP03427	562	623
DP03427	779	792
DP03437	982	1005
DP03446	2090	2107
DP03446	2261	2284
DP03447	1	76
DP03447	78	227
DP03447	390	403
DP03451	972	1053
DP03451	1626	1638
DP03452	977	1199
DP03453	125	143
DP03455	160	184
DP03455	384	399
DP03456	95	123
DP03459	194	206
DP03459	381	416
DP03490	293	327
DP03510	46	56
DP03510	473	483
DP03512	23	254
DP03513	19	144
DP03514	47	387
DP03532	2	31
DP03532	207	220
DP03533	2	23
DP03553	1	18
DP03553	656	673
DP03554	1	13
DP03556	369	382
DP03588	1	37
DP03594	1	109
DP03594	139	152
DP03619	92	102
DP03622	1	112
DP03622	178	191
DP03622	209	218
DP03624	1	31
DP03626	1141	1176
DP03626	1292	1323
DP03627	1048	1077
DP03628	1	16
DP03628	108	126
DP03628	270	287
DP03635	63	110
DP03645	654	682
DP03650	683	693
DP03650	817	873
DP03650	1113	1122
DP03650	1243	1255
DP03650	1457	1476
DP03654	234	245
DP03659	1	34
DP03659	151	165
DP03659	357	380
DP03660	662	672
DP03660	796	852
DP03660	1059	1068
DP03660	1189	1201
DP03660	1403	1430
DP03661	1	12
DP03666	211	223
DP03670	94	121
DP03670	142	228
DP03672	1	27
DP03672	988	1032
DP03680	1	20
DP03680	213	232
DP03680	296	315
DP03681	592	607
DP03682	326	401
DP03683	127	141
DP03683	365	413
DP03687	1	21
DP03687	316	329
DP03688	1	21
DP03692	342	413
DP03693	128	182
DP03694	178	384
DP03700	1	158
DP03701	1	148
DP03711	1	12
DP03713	1	53
DP03719	1	99
DP03729	168	177
DP03731	486	495
DP03733	2	73
DP03734	2	119
DP03737	1	426
DP03739	300	427
DP03743	555	580
DP03755	735	751
DP03805	1	113
DP03805	417	725
DP03805	973	1174
DP03805	1769	1988
DP03811	1	13
DP03816	1	20
DP03816	342	364
DP03822	215	233
DP03822	299	316
DP03822	462	473
DP03823	1	286
DP03823	557	572
DP03825	432	447
DP03825	597	614
DP03829	1	11
DP03829	45	56
DP03829	167	181
DP03832	57	72
DP03832	250	277
DP03834	319	334
DP03835	1	20
DP03835	163	172
DP03835	224	247
DP03835	273	282
DP03836	631	645
DP03837	1	27
DP03837	76	92
DP03845	1	21
DP03845	49	63
DP03845	367	379
DP03847	71	136
DP03847	646	669
DP03848	1	12
DP03849	102	123
DP03854	95	113
DP03854	208	228
DP03856	643	653
DP03857	70	90
DP03859	230	241
DP03859	261	273
DP03859	349	543
DP03860	60	70
DP03860	167	189
DP03861	1	122
DP03861	222	271
DP03863	66	80
DP03863	178	190
DP03867	231	282
DP03868	108	133
DP03869	12	35
DP03875	159	192
DP03876	165	216
DP03876	258	271
DP03876	502	515
DP03877	98	110
DP03881	288	333
DP03881	374	383
DP03881	605	620
DP03881	773	813
DP03881	960	983
DP03881	1252	1278
DP03884	661	986
DP03884	1206	1365
DP03885	1	23
DP03885	399	419
DP03885	489	561
DP03891	757	771
DP03894	60	79
DP03896	1	75
DP03896	608	730
DP03896	888	901
DP03896	1177	1447
DP03908	1	38
DP03917	90	172
DP03919	181	300
DP03926	275	421
DP03928	292	347
DP03928	402	424
DP03944	80	100
DP03944	170	255
DP03944	337	355
DP03944	441	451
DP03944	542	551
DP03946	455	473
DP03946	831	846
DP03952	1	33
DP03952	201	212
DP03952	393	402
DP03952	580	599
DP03955	2	63
DP03955	353	375
DP03955	437	461
DP03955	684	745
DP03956	2	12
DP03956	357	383
DP03957	33	78
DP03960	348	362
DP03961	1	13
DP03961	60	69
DP03962	283	294
DP03962	475	484
DP03963	78	127
DP03963	511	559
DP03964	1	26
DP03965	512	537
DP03965	552	563
DP03966	487	509
DP03966	528	539
DP03970	1	13
DP03970	463	474
DP03970	640	660
DP03975	351	410
DP03976	338	439
DP03977	363	436
DP04070	1	180
DP04070	254	291
DP04070	390	414
DP04070	662	687
DP04070	1145	1524
DP04077	1	85
DP04080	1335	1368
DP04081	25	38
DP04082	88	106
DP04082	482	502
DP04093	1	46
DP04093	578	599
DP04094	1	22
DP04098	1	17
DP04098	219	255
DP04098	451	495
DP04101	1	180
DP04104	1	31
DP04104	69	101
DP04108	61	78
DP04109	172	195
DP04111	274	300
DP04115	1	27
DP04115	424	519
DP04116	1	25
DP04116	81	92
DP04117	135	148
DP04117	254	341
DP04120	1	56
DP04123	1	36
DP04123	644	665
DP04123	793	827
DP04123	849	867
DP04129	1	94
DP04129	327	346
DP04129	407	664
DP04129	964	981
DP04129	1107	1124
DP04129	1162	1226
DP04129	1323	1351
DP04129	1376	1422
DP04129	1718	1732
DP04129	1859	1885
DP04129	2067	2095
DP04129	2329	2351
DP04129	2476	2494
DP04129	2631	2664
DP04129	2930	2948
DP04129	3103	3142
DP04135	1	30
DP04135	125	271
DP04135	323	431
DP04135	478	517
DP04135	728	747
DP04137	30	233
DP00008	1	256
DP00111	29	49
DP00111	244	301
DP00129	295	304
DP00142	192	209
DP00291	65	77
DP00291	198	211
DP00335	1	37
DP00340	1	137
DP00341	1	133
DP00341	664	781
DP00348	2059	2152
DP00384	81	90
DP00384	166	215
DP00397	275	285
DP00435	1	20
DP00435	583	596
DP00435	665	685
DP00435	703	806
DP00462	1	64
DP00462	353	390
DP00564	2	169
DP00655	1	11
DP00655	141	249
DP00661	1	105
DP00708	441	499
DP00708	566	739
DP00742	1	341
DP00815	1	206
DP00836	19	128
DP00968	1	98
DP00974	1	51
DP00974	361	398
DP01022	1954	2000
DP01073	623	680
DP01183	1	128
DP01190	151	160
DP01281	16	42
DP01281	73	93
DP01304	47	120
DP01316	106	240
DP01323	242	255
DP01323	358	380
DP01492	1259	1482
DP01562	55	86
DP01562	341	353
DP01562	468	518
DP01592	100	120
DP01612	124	150
DP01752	83	324
DP01794	128	161
DP01879	47	109
DP01993	229	407
DP01999	67	98
DP01999	111	142
DP01999	155	186
DP02001	244	263
DP02151	637	654
DP02314	29	102
DP02410	319	342
DP02412	79	89
DP02426	420	430
DP02451	35	64
DP02456	1	17
DP02456	31	59
DP02478	132	330
DP02517	585	854
DP02528	920	1229
DP02534	123	140
DP02542	27	265
DP02569	155	168
DP02570	11	23
DP02573	140	151
DP02579	254	265
DP02625	1135	1152
DP02626	546	616
DP02635	126	160
DP02636	730	744
DP02638	615	634
DP02659	255	267
DP02672	294	310
DP02672	436	448
DP02681	292	326
DP02683	191	205
DP02683	289	320
DP02695	396	416
DP02723	487	505
DP02756	627	686
DP02791	423	440
DP02791	576	607
DP02800	39	66
DP02802	1	12
DP02805	301	341
DP02810	494	540
DP02811	2	12
DP02817	28	81
DP02820	77	104
DP02830	419	428
DP02837	1	28
DP02853	1	51
DP02853	143	211
DP02864	79	103
DP02870	129	163
DP02873	257	266
DP02882	595	620
DP02892	65	105
DP02896	869	906
DP02956	1	16
DP02956	124	147
DP03014	300	330
DP03043	19	74
DP03067	1	68
DP03082	89	102
DP03156	41	51
DP03156	429	440
DP03174	1	106
DP03177	1	54
DP03177	78	127
DP03197	1	24
DP03198	1	14
DP03277	70	119
DP03367	1	103
DP03381	17	75
DP03409	1	130
DP03411	1	144
DP03420	108	140
DP03555	478	496
DP03625	1132	1156
DP03625	1293	1323
DP03695	367	385
DP00434	2	12
DP00434	95	104
DP00469	1	77
DP00606	1	260
DP00654	71	82
DP00654	576	596
DP00657	1	265
DP00724	11	113
DP01058	41	139
DP01085	106	193
DP01180	468	511
DP01180	568	589
DP01300	1	98
DP01355	299	313
DP01467	1	249
DP01467	494	525
DP01467	595	650
DP01467	921	974
DP01467	985	1006
DP01467	1070	1100
DP01467	1114	1198
DP01467	1283	1299
DP01467	1431	1494
DP01467	1532	1557
DP01467	1670	1688
DP01467	1732	1909
DP01776	1	211
DP01858	1	169
DP02066	1	158
DP02209	168	335
DP02225	319	338
DP02341	221	259
DP02392	290	324
DP02392	366	380
DP02392	435	444
DP02549	1	180
DP02575	335	344
DP02576	480	508
DP02577	240	281
DP02641	55	81
DP02641	212	227
DP02642	57	84
DP02643	101	116
DP02644	73	303
DP02648	174	191
DP02660	225	270
DP02690	195	208
DP02690	221	234
DP02696	1	24
DP02919	40	112
DP02961	270	285
DP02961	438	449
DP02962	32	44
DP02969	1	77
DP02969	177	190
DP02979	168	185
DP03093	45	58
DP03096	103	113
DP03110	151	165
DP03136	161	498
DP03137	175	208
DP03138	15	36
DP03139	20	52
DP03263	86	102
DP03265	581	592
DP03266	1700	1728
DP03269	258	270
DP03270	396	420
DP03283	140	211
DP03283	274	285
DP03285	154	293
DP03647	10	55
DP03647	63	95
DP03647	111	156
DP03648	20	37
DP03651	110	121
DP03651	148	165
DP03656	57	67
DP03657	297	336
DP03657	350	377
DP03674	104	131
DP00613	1	378
DP01113	1	168
DP01313	163	223
DP01436	423	487
DP01558	17	211
DP02377	1420	1441
DP02377	1458	1494
DP02378	115	132
DP02982	196	221
DP02984	615	640
DP02988	165	175
DP02989	1	105
DP02989	620	733
DP02990	730	757
DP02999	1	172
DP02999	297	306
DP03045	1	105
DP03047	194	210
DP03047	255	288
DP03048	107	139
DP03048	150	176
DP03048	285	307
DP03049	1	117
DP03049	193	244
DP03054	1	46
DP03068	1036	1047
DP03090	1	17
DP03102	613	678
DP03105	2841	2920
DP03106	2308	2329
DP03107	29	38
DP03218	404	422
DP03239	332	348
DP03317	261	285
DP03335	370	406
DP03472	108	121
DP03472	255	273
DP00081	11	77
DP00081	1840	1860
DP00269	1350	1507
DP00328	281	348
DP00328	368	444
DP00346	142	173
DP00346	613	623
DP00594	523	753
DP00721	889	1044
DP00811	1	28
DP00811	101	140
DP01250	2	27
DP01287	241	388
DP01433	1657	1739
DP01494	340	361
DP01495	513	655
DP01546	1	11
DP01569	2	226
DP01605	111	123
DP01605	158	167
DP01605	201	211
DP01605	244	253
DP01749	142	158
DP01870	22	102
DP02312	19	91
DP02400	1	68
DP02460	26	43
DP02460	212	261
DP02556	298	331
DP02557	337	374
DP02623	215	256
DP02662	44	55
DP02662	88	98
DP02662	373	387
DP02718	116	144
DP02718	171	246
DP02763	4	21
DP02828	281	291
DP02891	254	273
DP02891	310	340
DP03066	1	183
DP03481	314	330
DP03486	357	383
DP03708	1	86
DP03721	422	531
DP00043	103	151
DP00088	1	51
DP00088	553	663
DP00089	1	26
DP00089	284	315
DP00107	342	376
DP00140	1	85
DP00147	82	92
DP00161	29	185
DP00252	54	74
DP00299	16	29
DP00337	137	152
DP00349	212	234
DP00407	124	158
DP00407	228	257
DP00422	1	23
DP00427	1	55
DP00427	401	413
DP00427	541	557
DP00578	484	505
DP00600	41	103
DP00626	1	139
DP00766	153	196
DP00896	1	187
DP00928	32	72
DP00970	1	77
DP00989	1	20
DP00991	269	282
DP01050	75	102
DP01339	1	100
DP01339	214	227
DP01488	1	83
DP01496	45	65
DP01496	117	131
DP01650	33	43
DP01714	40	65
DP01716	91	113
DP01729	144	159
DP01735	173	191
DP01881	85	95
DP01965	42	64
DP01981	147	158
DP02127	1	30
DP02127	355	411
DP02134	1	12
DP02169	217	232
DP02201	317	383
DP02271	68	79
DP02271	94	116
DP02271	124	215
DP02484	1	244
DP02541	1	67
DP02548	22	110
DP02663	232	242
DP02700	83	116
DP02715	737	761
DP02716	162	172
DP02750	472	488
DP02760	19	34
DP02787	26	39
DP02787	253	270
DP02827	59	76
DP02863	272	323
DP02923	122	132
DP02950	43	79
DP02985	606	638
DP03078	241	252
DP03091	143	155
DP03193	37	57
DP03213	17	46
DP03261	1	36
DP03315	20	32
DP03315	170	182
DP03327	75	84
DP03327	238	298
DP03327	359	370
DP03327	386	395
DP03327	553	612
DP03327	622	690
DP03330	1	381
DP03331	445	456
DP03336	316	346
DP03337	2	13
DP03337	100	120
DP03341	263	273
DP03406	101	133
DP03430	35	55
DP03430	359	372
DP03495	163	174
DP03495	310	321
DP03500	1	42
DP03500	180	189
DP03501	1	10
DP03502	1	22
DP03504	1	14
DP03504	39	59
DP03504	128	147
DP03662	178	194
DP03852	1	151
DP00029	78	113
DP00031	1	41
DP00049	90	172
DP00049	487	606
DP00063	1	50
DP00063	179	205
DP00071	1	156
DP00094	1	72
DP00094	85	96
DP00094	119	130
DP00122	1	467
DP00155	10	26
DP00225	328	896
DP00279	35	49
DP00279	57	68
DP00279	84	99
DP00449	31	80
DP00458	108	208
DP00458	615	650
DP00463	17	98
DP00620	374	392
DP00622	1	88
DP00730	51	62
DP01127	603	1430
DP01139	85	116
DP01139	129	160
DP01139	173	204
DP01141	396	424
DP01141	436	487
DP01176	217	283
DP01499	115	192
DP01501	182	250
DP01555	4	91
DP01557	25	210
DP01850	76	141
DP01850	378	392
DP01937	564	636
DP01994	629	652
DP01996	245	260
DP01996	292	321
DP01996	437	459
DP01996	527	536
DP02138	73	99
DP02138	165	214
DP02422	1	11
DP02429	137	150
DP02429	171	182
DP02461	185	202
DP02535	1	96
DP02535	120	130
DP02610	368	382
DP02646	312	322
DP02653	295	358
DP02743	324	336
DP02743	473	492
DP02887	7	18
DP02910	1	18
DP02910	108	191
DP02980	1	18
DP03052	297	314
DP03080	144	163
DP03346	33	46
DP03346	133	168
DP03354	1	62
DP03507	1146	1912
DP00009	89	103
DP00020	1	123
DP00020	482	512
DP00020	565	598
DP00020	627	675
DP00076	259	275
DP00076	409	420
DP00076	632	681
DP00076	1071	1106
DP00076	1178	1201
DP00082	1	249
DP00082	393	490
DP00113	1	93
DP00135	1	167
DP00135	260	332
DP00163	1	265
DP00164	1	106
DP00179	1	68
DP00222	1	720
DP00398	580	595
DP00398	647	687
DP00423	166	258
DP00487	1	41
DP00487	360	399
DP00625	80	195
DP00631	1	90
DP00687	81	92
DP00771	1	71
DP00788	118	184
DP00818	1	25
DP00853	1	72
DP00872	199	226
DP00872	328	377
DP00884	1	16
DP00884	49	78
DP00884	101	137
DP00900	535	570
DP00994	85	121
DP00994	142	168
DP00994	177	273
DP01014	1	89
DP01075	300	1076
DP01076	1	640
DP01077	1	607
DP01079	1	203
DP01135	1	153
DP01185	95	111
DP01196	23	215
DP01237	195	482
DP01320	234	348
DP01392	35	53
DP01392	91	157
DP01471	1	322
DP01502	1	91
DP01503	192	265
DP01513	439	473
DP01515	187	249
DP01516	194	345
DP01559	1	104
DP01584	300	322
DP01584	565	650
DP01593	96	235
DP01604	1	22
DP01623	1	304
DP01628	1	100
DP01628	633	754
DP01631	642	760
DP01732	268	738
DP01744	1	160
DP01775	1	160
DP01775	482	584
DP01825	5	24
DP01825	55	79
DP01825	422	469
DP01840	770	1100
DP01867	361	389
DP01867	699	713
DP01867	943	961
DP01890	1	61
DP01890	112	121
DP01978	351	368
DP02033	1	43
DP02033	97	108
DP02033	168	182
DP02033	414	423
DP02033	538	956
DP02050	61	78
DP02050	88	188
DP02050	453	478
DP02055	351	394
DP02073	198	217
DP02144	80	90
DP02145	328	424
DP02145	576	601
DP02145	799	813
DP02158	1	55
DP02159	340	505
DP02193	150	172
DP02249	618	630
DP02295	599	627
DP02324	572	581
DP02326	62	71
DP02355	1	295
DP02355	394	434
DP02395	365	436
DP02448	196	454
DP02464	147	159
DP02466	44	53
DP02476	1	231
DP02476	366	594
DP02481	1	142
DP02481	551	1301
DP02513	1	1408
DP02519	115	415
DP02527	1446	1733
DP02544	1	372
DP02562	223	233
DP02589	276	300
DP02671	1	235
DP02671	1991	2003
DP02721	153	171
DP02722	2087	2147
DP02736	510	632
DP02751	217	232
DP02752	470	483
DP02752	714	741
DP02767	665	767
DP02767	861	882
DP02767	921	951
DP02767	1519	1537
DP02769	197	214
DP02784	164	179
DP02808	1	87
DP02808	179	220
DP02826	1	20
DP02826	82	165
DP02826	247	280
DP02847	117	350
DP02848	1007	1051
DP02908	226	264
DP02917	10	185
DP03008	332	586
DP03494	45	102
DP03496	774	796
DP03506	48	59
DP03591	213	232
DP03591	260	310
DP03596	106	119
DP03597	442	458
DP03621	1	17
DP03665	261	275
DP03684	200	215
DP03685	45	65
DP03715	1	156
DP03715	423	432
DP03715	463	488
DP03715	541	557
DP03716	170	193
DP03716	378	401
DP03716	808	833
DP03716	887	985
DP03717	226	273
DP03717	438	477
