DP00016	9	84
DP00018	22	97
DP00018	181	190
DP00040	51	75
DP00040	80	89
DP00069	40	67
DP00070	1	140
DP00074	1	184
DP00074	287	305
DP00086	1	62
DP00086	366	388
DP00123	372	395
DP00166	167	210
DP00177	945	961
DP00230	361	435
DP00262	791	804
DP00262	815	824
DP00357	1	44
DP00358	123	160
DP00364	171	181
DP00385	285	299
DP00404	13	26
DP00448	1104	1164
DP00464	273	284
DP00464	297	306
DP00472	59	70
DP00473	490	593
DP00486	198	217
DP00486	608	640
DP00492	142	485
DP00519	1504	1528
DP00519	2784	2813
DP00521	1	202
DP00539	165	310
DP00546	1	129
DP00608	59	129
DP00624	116	168
DP00628	248	286
DP00694	1	228
DP00719	51	111
DP00775	130	150
DP00775	506	586
DP00793	102	115
DP00816	9	164
DP00839	253	285
DP00961	786	816
DP00962	720	750
DP01023	1	20
DP01070	490	568
DP01102	285	370
DP01102	421	455
DP01108	263	414
DP01119	19	44
DP01119	772	781
DP01128	25	93
DP01149	98	132
DP01162	480	575
DP01192	305	377
DP01248	1	125
DP01269	237	251
DP01280	672	711
DP01293	18	62
DP01308	238	260
DP01309	328	338
DP01311	50	78
DP01311	99	109
DP01311	159	170
DP01400	38	49
DP01426	346	370
DP01426	829	873
DP01427	200	301
DP01456	38	152
DP01489	2	220
DP01491	346	379
DP01506	208	222
DP01533	61	72
DP01580	69	86
DP01580	97	114
DP01588	301	322
DP01626	847	863
DP01637	53	146
DP01640	23	36
DP01646	37	52
DP01647	479	518
DP01662	76	106
DP01748	784	798
DP01750	12	39
DP01760	38	48
DP01782	107	273
DP01848	735	769
DP01877	445	455
DP01893	98	108
DP01951	2	26
DP01951	116	185
DP01990	104	120
DP02000	242	358
DP02126	208	225
DP02302	69	81
DP02346	2	45
DP02348	329	358
DP02382	1	70
DP02398	178	202
DP02409	214	224
DP02452	152	209
DP02540	55	79
DP02546	153	170
DP02634	260	285
DP02699	148	164
DP02735	2	33
DP02738	1225	1239
DP02770	106	119
DP02781	1013	1029
DP02825	116	126
DP02829	1048	1123
DP02832	418	431
DP02832	665	676
DP02849	141	165
DP02858	857	867
DP02858	870	879
DP02904	225	243
DP02913	1	130
DP02930	1	18
DP02953	1629	1638
DP02953	1680	1696
DP03141	226	269
DP03260	72	86
DP03271	213	228
DP03281	131	146
DP03292	99	116
DP03301	90	99
DP03307	2	455
DP03313	2	38
DP03323	17	513
DP03351	187	196
DP03372	46	102
DP03424	265	282
DP03424	309	334
DP03427	562	623
DP03427	779	792
DP03447	71	92
DP03447	121	136
DP03635	63	110
DP03670	94	121
DP03670	142	228
DP03713	1	22
DP03946	831	846
DP03963	517	545
DP04078	131	140
DP04078	296	308
DP04121	512	524
DP00111	244	301
DP00159	784	884
DP00446	186	197
DP00653	799	814
DP00767	302	319
DP00767	361	370
DP00815	1	206
DP00968	1	98
DP01105	606	672
DP01281	16	42
DP01304	47	120
DP01323	366	376
DP01999	67	98
DP01999	111	142
DP01999	155	186
DP02001	244	263
DP02342	34	57
DP02412	79	89
DP02613	554	563
DP03409	1	130
DP00474	506	681
DP00610	1	455
DP00662	339	462
DP00724	11	113
DP01299	1	97
DP01467	1732	1811
DP02209	255	272
DP02225	172	328
DP02962	32	44
DP00613	1	378
DP01313	163	223
DP01436	423	487
DP03105	2841	2920
DP00081	11	77
DP00328	310	335
DP00252	54	74
DP00299	16	29
DP00301	9	24
DP00301	63	72
DP00301	116	132
DP00427	401	413
DP00427	541	557
DP00429	50	64
DP00626	1	139
DP00928	32	72
DP01339	26	98
DP01488	1	83
DP02541	9	55
DP02750	472	488
DP02760	19	34
DP02950	47	79
DP03333	201	495
DP03852	1	151
DP00031	1	41
DP00049	487	606
DP00279	35	49
DP00279	57	68
DP00279	84	99
DP00620	374	392
DP00622	36	54
DP00622	77	88
DP00730	51	62
DP01139	85	116
DP01139	129	160
DP01139	173	204
DP01501	182	250
DP01555	4	91
DP02653	295	358
DP03347	11	32
DP03347	343	354
DP00082	35	49
DP00082	393	490
DP00083	117	127
DP00113	1	93
DP00179	2	32
DP00487	1	41
DP00705	1	109
DP00900	535	570
DP00958	2	21
DP00958	65	113
DP00995	28	50
DP01135	1	153
DP01185	95	111
DP01196	23	215
DP01243	93	111
DP01629	347	395
DP02295	599	627
DP02519	182	403
DP02761	127	232
DP02768	83	113
DP02768	147	156
DP02768	538	548
DP02806	113	132
DP02806	190	205
DP02808	181	220
